turno,"RN03 do sistema (w1 = 0,6)",Só a espera (w1 = 0),Rodízio simples,"Sem regra, quem vende menos fixo na praça forte","Sem regra, quem vende mais fixo na praça forte"
0,0.15546,0.15546,0.15546,0.15546,0.15546
1,0.15340,0.15430,0.15508,0.15508,0.15644
2,0.15100,0.15413,0.15559,0.15523,0.15734
3,0.14608,0.15219,0.15433,0.15245,0.15547
4,0.14231,0.15238,0.15377,0.15038,0.15455
5,0.13821,0.15236,0.15283,0.14915,0.15460
6,0.13358,0.15014,0.15064,0.14685,0.15292
7,0.13066,0.15036,0.15044,0.14627,0.15309
8,0.12954,0.15340,0.15295,0.14817,0.15631
9,0.12784,0.15551,0.15565,0.14926,0.15884
10,0.12443,0.15488,0.15565,0.14845,0.15884
11,0.11995,0.15512,0.15506,0.14711,0.15843
12,0.11545,0.15609,0.15489,0.14618,0.15859
13,0.10945,0.15400,0.15262,0.14353,0.15656
14,0.10663,0.15302,0.15301,0.14341,0.15739
15,0.10593,0.15597,0.15522,0.14585,0.16057
16,0.10119,0.15563,0.15446,0.14435,0.16002
17,0.09859,0.15692,0.15626,0.14484,0.16131
18,0.09676,0.15807,0.15846,0.14616,0.16343
19,0.09412,0.15964,0.16040,0.14732,0.16520
20,0.08932,0.16004,0.15925,0.14592,0.16504
21,0.08294,0.15935,0.15806,0.14369,0.16447
22,0.07801,0.15865,0.15640,0.14188,0.16343
23,0.07298,0.15899,0.15662,0.14043,0.16325
24,0.06969,0.15866,0.15727,0.13961,0.16360
25,0.06608,0.15767,0.15659,0.13824,0.16356
26,0.06065,0.15738,0.15511,0.13679,0.16315
27,0.05360,0.15373,0.15276,0.13415,0.16101
28,0.04808,0.15117,0.14991,0.13089,0.15894
29,0.04547,0.15081,0.14939,0.12995,0.15912
30,0.04313,0.15143,0.14867,0.12838,0.15914
31,0.03599,0.14931,0.14568,0.12487,0.15693
32,0.03215,0.14801,0.14382,0.12252,0.15552
33,0.02889,0.14781,0.14279,0.12080,0.15457
34,0.02656,0.14719,0.14171,0.11907,0.15347
35,0.02405,0.14420,0.14015,0.11709,0.15224
36,0.01875,0.14138,0.13594,0.11269,0.14905
37,0.01359,0.13879,0.13350,0.10963,0.14718
38,0.01213,0.14055,0.13450,0.10946,0.14803
39,0.01058,0.13930,0.13537,0.10825,0.14827
40,0.01015,0.14021,0.13621,0.10832,0.14916
41,0.00931,0.13554,0.13120,0.10318,0.14526
42,0.01089,0.13276,0.12784,0.09984,0.14325
43,0.01016,0.13145,0.12599,0.09728,0.14148
44,0.01062,0.13362,0.12887,0.09855,0.14379
45,0.01358,0.13289,0.12775,0.09708,0.14378
46,0.01375,0.13464,0.12933,0.09847,0.14600
47,0.01267,0.13246,0.12680,0.09505,0.14411
48,0.01170,0.13405,0.12787,0.09578,0.14557
49,0.01318,0.13546,0.12958,0.09737,0.14780
50,0.01381,0.13529,0.12947,0.09764,0.14932
51,0.01211,0.13534,0.12905,0.09743,0.14970
52,0.01161,0.13378,0.12835,0.09604,0.14906
53,0.01003,0.13462,0.12844,0.09509,0.14858
54,0.01118,0.13398,0.12786,0.09393,0.14842
55,0.01046,0.13402,0.12652,0.09198,0.14770
56,0.01086,0.13175,0.12445,0.08926,0.14601
57,0.01017,0.13276,0.12453,0.08893,0.14669
58,0.01088,0.13532,0.12657,0.08990,0.14826
59,0.01154,0.13664,0.12867,0.09002,0.14978
60,0.01184,0.13830,0.12962,0.08993,0.14955
61,0.01285,0.13937,0.12945,0.08959,0.15000
62,0.01380,0.13791,0.12854,0.08978,0.15000
63,0.01529,0.13720,0.12835,0.09028,0.14983
64,0.01612,0.13632,0.12871,0.09041,0.15000
65,0.01588,0.13742,0.12924,0.09078,0.15041
66,0.01571,0.13756,0.12924,0.09062,0.15043
67,0.01661,0.13596,0.12917,0.09031,0.14981
68,0.01839,0.13543,0.12854,0.09037,0.14961
69,0.01915,0.13604,0.12793,0.08996,0.14943
70,0.02150,0.13481,0.12715,0.08972,0.15000
71,0.02203,0.13416,0.12624,0.08958,0.14996
72,0.02299,0.13468,0.12673,0.08948,0.15055
73,0.02317,0.13683,0.12623,0.08903,0.15066
74,0.02379,0.13767,0.12787,0.08855,0.15117
75,0.02394,0.13655,0.12765,0.08862,0.15123
76,0.02436,0.13570,0.12633,0.08858,0.15148
77,0.02464,0.13830,0.12576,0.08846,0.15133
78,0.02491,0.13883,0.12523,0.08819,0.15138
79,0.02554,0.13975,0.12628,0.08870,0.15121
80,0.02647,0.13832,0.12692,0.08867,0.15092
81,0.02650,0.13758,0.12722,0.08841,0.15129
82,0.02676,0.13505,0.12610,0.08822,0.15082
83,0.02672,0.13617,0.12540,0.08872,0.15079
84,0.02659,0.13634,0.12572,0.08833,0.15079
85,0.02808,0.13561,0.12502,0.08757,0.15074
86,0.02835,0.13616,0.12508,0.08695,0.15070
87,0.02741,0.13629,0.12529,0.08632,0.15018
88,0.02852,0.13725,0.12678,0.08650,0.15030
89,0.02775,0.13646,0.12722,0.08692,0.14999
90,0.02819,0.13545,0.12669,0.08685,0.15046
91,0.02682,0.13311,0.12632,0.08644,0.14997
92,0.02742,0.13261,0.12632,0.08662,0.15057
93,0.02701,0.13329,0.12654,0.08639,0.15067
94,0.02696,0.13397,0.12809,0.08626,0.15120
95,0.02730,0.13352,0.12906,0.08686,0.15164
96,0.02650,0.13368,0.12850,0.08672,0.15211
97,0.02541,0.13311,0.12749,0.08670,0.15203
98,0.02556,0.13359,0.12638,0.08700,0.15159
99,0.02351,0.13265,0.12638,0.08717,0.15236
100,0.02200,0.13302,0.12618,0.08718,0.15228
101,0.01708,0.13270,0.12621,0.08685,0.15230
102,0.01470,0.13332,0.12641,0.08614,0.15247
103,0.01368,0.13281,0.12570,0.08577,0.15249
104,0.01633,0.13126,0.12620,0.08606,0.15241
105,0.01455,0.13163,0.12593,0.08591,0.15186
106,0.01467,0.13267,0.12554,0.08612,0.15240
107,0.01205,0.13269,0.12594,0.08650,0.15254
108,0.01330,0.13203,0.12636,0.08629,0.15247
109,0.01432,0.13343,0.12745,0.08638,0.15237
110,0.01475,0.13300,0.12721,0.08655,0.15229
111,0.01410,0.13267,0.12675,0.08668,0.15230
112,0.01428,0.13122,0.12610,0.08646,0.15244
113,0.01323,0.13341,0.12546,0.08606,0.15286
114,0.01297,0.13239,0.12646,0.08638,0.15274
115,0.01415,0.13282,0.12693,0.08696,0.15253
116,0.01129,0.13190,0.12686,0.08644,0.15237
117,0.01358,0.13145,0.12626,0.08651,0.15275
118,0.01413,0.13271,0.12594,0.08658,0.15306
119,0.01373,0.13210,0.12583,0.08661,0.15279
120,0.01531,0.13174,0.12590,0.08671,0.15253
